ds,trend,yhat_lower,yhat_upper,trend_lower,trend_upper,additive_terms,additive_terms_lower,additive_terms_upper,holidays,holidays_lower,holidays_upper,marathon,marathon_lower,marathon_upper,sick,sick_lower,sick_upper,vacation,vacation_lower,vacation_upper,weekly,weekly_lower,weekly_upper,multiplicative_terms,multiplicative_terms_lower,multiplicative_terms_upper,yhat
2021-09-24,10556.192750069999,-6935.641660722575,33489.90805840662,10556.192750069999,10556.192750069999,3669.0949206137157,3669.0949206137157,3669.0949206137157,0.0,0.0,0.0,0.0,0.0,0.0,0.0,0.0,0.0,0.0,0.0,0.0,3669.0949206137157,3669.0949206137157,3669.0949206137157,0.0,0.0,0.0,14225.287670683714
2021-09-25,11076.25679805857,3200.798541810938,42040.1245096845,11076.25679805857,11076.25679805857,12224.388328473811,12224.388328473811,12224.388328473811,0.0,0.0,0.0,0.0,0.0,0.0,0.0,0.0,0.0,0.0,0.0,0.0,12224.388328473811,12224.388328473811,12224.388328473811,0.0,0.0,0.0,23300.64512653238
2021-09-26,11596.320846047141,-4465.612802601516,33697.35081438456,11596.320846047141,11596.320846047141,3317.434113523096,3317.434113523096,3317.434113523096,0.0,0.0,0.0,0.0,0.0,0.0,0.0,0.0,0.0,0.0,0.0,0.0,3317.434113523096,3317.434113523096,3317.434113523096,0.0,0.0,0.0,14913.754959570237
2021-09-27,12116.384894035713,-11242.214040895587,27879.817260250966,12116.384894035713,12116.384894035713,-3410.335221447953,-3410.335221447953,-3410.335221447953,0.0,0.0,0.0,0.0,0.0,0.0,0.0,0.0,0.0,0.0,0.0,0.0,-3410.335221447953,-3410.335221447953,-3410.335221447953,0.0,0.0,0.0,8706.04967258776
2021-09-28,12636.448942024284,-8578.818286834454,30895.42685457259,12636.448942024284,12636.448942024284,-2228.5886988568113,-2228.5886988568113,-2228.5886988568113,0.0,0.0,0.0,0.0,0.0,0.0,0.0,0.0,0.0,0.0,0.0,0.0,-2228.5886988568113,-2228.5886988568113,-2228.5886988568113,0.0,0.0,0.0,10407.860243167474
2021-09-29,13156.512991818214,-12919.298813842537,26668.128216644556,13156.512991818214,13156.512991818214,-6037.1865592773365,-6037.1865592773365,-6037.1865592773365,0.0,0.0,0.0,0.0,0.0,0.0,0.0,0.0,0.0,0.0,0.0,0.0,-6037.1865592773365,-6037.1865592773365,-6037.1865592773365,0.0,0.0,0.0,7119.326432540877
2021-09-30,13676.577041612143,-13455.835385567498,26620.526471718877,13676.577041612143,13676.577041612143,-7534.806883033736,-7534.806883033736,-7534.806883033736,0.0,0.0,0.0,0.0,0.0,0.0,0.0,0.0,0.0,0.0,0.0,0.0,-7534.806883033736,-7534.806883033736,-7534.806883033736,0.0,0.0,0.0,6141.770158578407
2021-10-01,14196.64109140607,-2564.0447086962786,38272.8590115433,14196.64109140607,14196.64109140607,3669.09492062407,3669.09492062407,3669.09492062407,0.0,0.0,0.0,0.0,0.0,0.0,0.0,0.0,0.0,0.0,0.0,0.0,3669.09492062407,3669.09492062407,3669.09492062407,0.0,0.0,0.0,17865.736012030142
2021-10-02,14716.7051412,7757.521770892952,46090.28330299757,14716.7051412,14716.7051412,12224.388328472043,12224.388328472043,12224.388328472043,0.0,0.0,0.0,0.0,0.0,0.0,0.0,0.0,0.0,0.0,0.0,0.0,12224.388328472043,12224.388328472043,12224.388328472043,0.0,0.0,0.0,26941.093469672043
2021-10-03,15236.76919856681,-480.6759079468484,38740.71960527356,15236.76919856681,15236.76919856681,3317.434113561743,3317.434113561743,3317.434113561743,0.0,0.0,0.0,0.0,0.0,0.0,0.0,0.0,0.0,0.0,0.0,0.0,3317.434113561743,3317.434113561743,3317.434113561743,0.0,0.0,0.0,18554.203312128553
2021-10-04,15756.833255933621,-7303.228183202641,31827.37642114818,15756.833255933621,15756.833255933621,-3410.335221449241,-3410.335221449241,-3410.335221449241,0.0,0.0,0.0,0.0,0.0,0.0,0.0,0.0,0.0,0.0,0.0,0.0,-3410.335221449241,-3410.335221449241,-3410.335221449241,0.0,0.0,0.0,12346.49803448438
2021-10-05,16276.897313300435,-6421.912714164059,34301.51471635702,16276.897313300435,16276.897313300435,-2228.58869885816,-2228.58869885816,-2228.58869885816,0.0,0.0,0.0,0.0,0.0,0.0,0.0,0.0,0.0,0.0,0.0,0.0,-2228.58869885816,-2228.58869885816,-2228.58869885816,0.0,0.0,0.0,14048.308614442274
2021-10-06,16796.96137174498,-7789.603510071139,30727.49111505816,16796.96137174498,16796.96137174498,-6037.18655928047,-6037.18655928047,-6037.18655928047,0.0,0.0,0.0,0.0,0.0,0.0,0.0,0.0,0.0,0.0,0.0,0.0,-6037.18655928047,-6037.18655928047,-6037.18655928047,0.0,0.0,0.0,10759.77481246451
2021-10-07,17317.02543018953,-11991.065991575386,30423.277716180215,17317.02543018953,17317.02543018953,-7534.806883029624,-7534.806883029624,-7534.806883029624,0.0,0.0,0.0,0.0,0.0,0.0,0.0,0.0,0.0,0.0,0.0,0.0,-7534.806883029624,-7534.806883029624,-7534.806883029624,0.0,0.0,0.0,9782.218547159904
2021-10-08,17837.08948863408,3006.0723271329784,40880.246006974485,17837.08948863408,17837.08948863408,3669.0949205763372,3669.0949205763372,3669.0949205763372,0.0,0.0,0.0,0.0,0.0,0.0,0.0,0.0,0.0,0.0,0.0,0.0,3669.0949205763372,3669.0949205763372,3669.0949205763372,0.0,0.0,0.0,21506.184409210415
2021-10-09,18357.15354707863,11174.59203571287,50427.55009746193,18357.15354707863,18357.15354707863,12224.38832847167,12224.38832847167,12224.38832847167,0.0,0.0,0.0,0.0,0.0,0.0,0.0,0.0,0.0,0.0,0.0,0.0,12224.38832847167,12224.38832847167,12224.38832847167,0.0,0.0,0.0,30581.541875550298
2021-10-10,18877.217604740403,1529.1607177688834,42204.8747746691,18877.217604740403,18877.217604740403,3317.434113553581,3317.434113553581,3317.434113553581,0.0,0.0,0.0,0.0,0.0,0.0,0.0,0.0,0.0,0.0,0.0,0.0,3317.434113553581,3317.434113553581,3317.434113553581,0.0,0.0,0.0,22194.651718293982
2021-10-11,19397.281662402176,-3395.4937169196232,36009.84359366295,19397.281662402176,19397.281662402176,-3410.3352214459046,-3410.3352214459046,-3410.3352214459046,0.0,0.0,0.0,0.0,0.0,0.0,0.0,0.0,0.0,0.0,0.0,0.0,-3410.3352214459046,-3410.3352214459046,-3410.3352214459046,0.0,0.0,0.0,15986.946440956272
2021-10-12,19917.345720063953,-1826.2185046507207,36406.370538324816,19917.345720063953,19917.345720063953,-2228.5886988574375,-2228.5886988574375,-2228.5886988574375,0.0,0.0,0.0,0.0,0.0,0.0,0.0,0.0,0.0,0.0,0.0,0.0,-2228.5886988574375,-2228.5886988574375,-2228.5886988574375,0.0,0.0,0.0,17688.757021206515
2021-10-13,20437.409777725727,-6093.14920652503,33779.09984124868,20437.409777725727,20437.409777725727,-6037.186559287121,-6037.186559287121,-6037.186559287121,0.0,0.0,0.0,0.0,0.0,0.0,0.0,0.0,0.0,0.0,0.0,0.0,-6037.186559287121,-6037.186559287121,-6037.186559287121,0.0,0.0,0.0,14400.223218438605
2021-10-14,20957.473833394874,-7196.906226545988,32459.407160215975,20957.473833394874,20957.473833394874,-7534.80688304678,-7534.80688304678,-7534.80688304678,0.0,0.0,0.0,0.0,0.0,0.0,0.0,0.0,0.0,0.0,0.0,0.0,-7534.80688304678,-7534.80688304678,-7534.80688304678,0.0,0.0,0.0,13422.666950348093
2021-10-15,21477.537889064024,6133.199396635918,45880.167283858565,21477.537889064024,21477.537889064024,3669.09492058669,3669.09492058669,3669.09492058669,0.0,0.0,0.0,0.0,0.0,0.0,0.0,0.0,0.0,0.0,0.0,0.0,3669.09492058669,3669.09492058669,3669.09492058669,0.0,0.0,0.0,25146.632809650713
2021-10-16,21997.60194473317,15161.732654955373,53032.102071019974,21997.60194473317,21997.60194473317,12224.3883284713,12224.3883284713,12224.3883284713,0.0,0.0,0.0,0.0,0.0,0.0,0.0,0.0,0.0,0.0,0.0,0.0,12224.3883284713,12224.3883284713,12224.3883284713,0.0,0.0,0.0,34221.99027320447
2021-10-17,22517.66600040232,7674.609624215279,46155.577705671625,22517.66600040232,22517.66600040232,3317.434113543938,3317.434113543938,3317.434113543938,0.0,0.0,0.0,0.0,0.0,0.0,0.0,0.0,0.0,0.0,0.0,0.0,3317.434113543938,3317.434113543938,3317.434113543938,0.0,0.0,0.0,25835.10011394626
2021-10-18,23037.73005658239,447.32617139077627,38331.46565909533,23037.73005658239,23037.73005658239,-3410.3352214471934,-3410.3352214471934,-3410.3352214471934,0.0,0.0,0.0,0.0,0.0,0.0,0.0,0.0,0.0,0.0,0.0,0.0,-3410.3352214471934,-3410.3352214471934,-3410.3352214471934,0.0,0.0,0.0,19627.394835135197
2021-10-19,23557.794112762458,1560.8682549699145,42154.654928051656,23557.794112762458,23557.794112762458,-2228.588698860167,-2228.588698860167,-2228.588698860167,0.0,0.0,0.0,0.0,0.0,0.0,0.0,0.0,0.0,0.0,0.0,0.0,-2228.588698860167,-2228.588698860167,-2228.588698860167,0.0,0.0,0.0,21329.20541390229
2021-10-20,24077.858168942526,-3030.611765601719,37991.39903606072,24077.858168942526,24077.858168942526,-6037.186559290252,-6037.186559290252,-6037.186559290252,0.0,0.0,0.0,0.0,0.0,0.0,0.0,0.0,0.0,0.0,0.0,0.0,-6037.186559290252,-6037.186559290252,-6037.186559290252,0.0,0.0,0.0,18040.671609652272
2021-10-21,24597.922225122587,-2539.5617803609975,37517.79603488929,24597.922225122587,24597.922225122587,-7534.806883042668,-7534.806883042668,-7534.806883042668,0.0,0.0,0.0,0.0,0.0,0.0,0.0,0.0,0.0,0.0,0.0,0.0,-7534.806883042668,-7534.806883042668,-7534.806883042668,0.0,0.0,0.0,17063.11534207992
2021-10-22,25117.986280556663,7271.272166805155,47392.24536593612,25117.986280556663,25117.986280556663,3669.0949205974916,3669.0949205974916,3669.0949205974916,0.0,0.0,0.0,0.0,0.0,0.0,0.0,0.0,0.0,0.0,0.0,0.0,3669.0949205974916,3669.0949205974916,3669.0949205974916,0.0,0.0,0.0,28787.081201154153
2021-10-23,25638.050335990734,9933.91407962974,48902.488760095905,25638.050335990734,25638.050335990734,3411.7457457922305,3411.7457457922305,3411.7457457922305,-8812.642582678,-8812.642582678,-8812.642582678,0.0,0.0,0.0,0.0,0.0,0.0,-8812.642582678,-8812.642582678,-8812.642582678,12224.388328470231,12224.388328470231,12224.388328470231,0.0,0.0,0.0,29049.796081782966
2021-10-24,26158.114391424802,183.475130694743,40021.8952700736,26158.114391424802,26158.114391424802,-5495.208469140744,-5495.208469140744,-5495.208469140744,-8812.642582678,-8812.642582678,-8812.642582678,0.0,0.0,0.0,0.0,0.0,0.0,-8812.642582678,-8812.642582678,-8812.642582678,3317.4341135372574,3317.4341135372574,3317.4341135372574,0.0,0.0,0.0,20662.90592228406
2021-10-25,26678.17844465573,-6565.344290659961,33149.93117743107,26678.17844465573,26678.17844465573,-12222.977804126482,-12222.977804126482,-12222.977804126482,-8812.642582678,-8812.642582678,-8812.642582678,0.0,0.0,0.0,0.0,0.0,0.0,-8812.642582678,-8812.642582678,-8812.642582678,-3410.3352214484817,-3410.3352214484817,-3410.3352214484817,0.0,0.0,0.0,14455.200640529247
2021-10-26,27198.242497886647,-4348.593550282185,35571.18795631076,27198.242497886647,27198.242497886647,-11041.231281535374,-11041.231281535374,-11041.231281535374,-8812.642582678,-8812.642582678,-8812.642582678,0.0,0.0,0.0,0.0,0.0,0.0,-8812.642582678,-8812.642582678,-8812.642582678,-2228.5886988573743,-2228.5886988573743,-2228.5886988573743,0.0,0.0,0.0,16157.011216351273
2021-10-27,27718.30655111757,-5592.062637420889,33874.97664576729,27718.30655111757,27718.30655111757,-14849.829141971386,-14849.829141971386,-14849.829141971386,-8812.642582678,-8812.642582678,-8812.642582678,0.0,0.0,0.0,0.0,0.0,0.0,-8812.642582678,-8812.642582678,-8812.642582678,-6037.186559293387,-6037.186559293387,-6037.186559293387,0.0,0.0,0.0,12868.477409146184
2021-10-28,28238.370604348496,-7501.141791625059,32729.41488786962,28238.370604348496,28238.370604348496,-16347.449465716554,-16347.449465716554,-16347.449465716554,-8812.642582678,-8812.642582678,-8812.642582678,0.0,0.0,0.0,0.0,0.0,0.0,-8812.642582678,-8812.642582678,-8812.642582678,-7534.8068830385555,-7534.8068830385555,-7534.8068830385555,0.0,0.0,0.0,11890.921138631942
2021-10-29,28758.434658552433,3525.4546444606494,43329.93646944474,28758.434658552433,28758.434658552433,-5143.547662069931,-5143.547662069931,-5143.547662069931,-8812.642582678,-8812.642582678,-8812.642582678,0.0,0.0,0.0,0.0,0.0,0.0,-8812.642582678,-8812.642582678,-8812.642582678,3669.094920608069,3669.094920608069,3669.094920608069,0.0,0.0,0.0,23614.886996482503
2021-10-30,29278.498712756373,13402.129518268432,52601.18115987496,29278.498712756373,29278.498712756373,3411.745745796872,3411.745745796872,3411.745745796872,-8812.642582678,-8812.642582678,-8812.642582678,0.0,0.0,0.0,0.0,0.0,0.0,-8812.642582678,-8812.642582678,-8812.642582678,12224.388328474872,12224.388328474872,12224.388328474872,0.0,0.0,0.0,32690.244458553243
2021-10-31,29798.562766960316,14348.650044227858,52033.230003796096,29798.562766960316,29798.562766960316,3317.434113527613,3317.434113527613,3317.434113527613,0.0,0.0,0.0,0.0,0.0,0.0,0.0,0.0,0.0,0.0,0.0,0.0,3317.434113527613,3317.434113527613,3317.434113527613,0.0,0.0,0.0,33115.99688048793
2021-11-01,30318.626821164253,8127.562915924728,47595.59226399169,30318.626821164253,30318.626821164253,-3410.3352214497704,-3410.3352214497704,-3410.3352214497704,0.0,0.0,0.0,0.0,0.0,0.0,0.0,0.0,0.0,0.0,0.0,0.0,-3410.3352214497704,-3410.3352214497704,-3410.3352214497704,0.0,0.0,0.0,26908.29159971448
2021-11-02,30838.686630574954,9715.712536932346,48687.44892783153,30838.686630574954,30838.686630574954,-2228.5886988587217,-2228.5886988587217,-2228.5886988587217,0.0,0.0,0.0,0.0,0.0,0.0,0.0,0.0,0.0,0.0,0.0,0.0,-2228.5886988587217,-2228.5886988587217,-2228.5886988587217,0.0,0.0,0.0,28610.09793171623
2021-11-03,31358.74643998567,5573.094272037492,44190.28732666732,31358.74643998567,31358.74643998567,-6037.186559298279,-6037.186559298279,-6037.186559298279,0.0,0.0,0.0,0.0,0.0,0.0,0.0,0.0,0.0,0.0,0.0,0.0,-6037.186559298279,-6037.186559298279,-6037.186559298279,0.0,0.0,0.0,25321.55988068739
2021-11-04,31878.80624939637,5495.299549172067,45349.62980154196,31878.80624939637,31878.80624939637,-7534.806883055711,-7534.806883055711,-7534.806883055711,0.0,0.0,0.0,0.0,0.0,0.0,0.0,0.0,0.0,0.0,0.0,0.0,-7534.806883055711,-7534.806883055711,-7534.806883055711,0.0,0.0,0.0,24343.999366340657
2021-11-05,32398.866058807067,17352.687942339977,55341.43835742233,32398.866058807067,32398.866058807067,3669.0949206186465,3669.0949206186465,3669.0949206186465,0.0,0.0,0.0,0.0,0.0,0.0,0.0,0.0,0.0,0.0,0.0,0.0,3669.0949206186465,3669.0949206186465,3669.0949206186465,0.0,0.0,0.0,36067.96097942571
2021-11-06,32917.59211063964,25425.040379399146,63972.603148435825,32917.59211063964,32917.59211063964,12224.388328473106,12224.388328473106,12224.388328473106,0.0,0.0,0.0,0.0,0.0,0.0,0.0,0.0,0.0,0.0,0.0,0.0,12224.388328473106,12224.388328473106,12224.388328473106,0.0,0.0,0.0,45141.98043911275
2021-11-07,33436.31816247221,16675.065848782724,56038.01723815213,33436.31816247221,33436.31816247221,3317.43411351797,3317.43411351797,3317.43411351797,0.0,0.0,0.0,0.0,0.0,0.0,0.0,0.0,0.0,0.0,0.0,0.0,3317.43411351797,3317.43411351797,3317.43411351797,0.0,0.0,0.0,36753.752275990184
2021-11-08,33955.044214304784,11154.659250423374,48668.23986988147,33955.044214304784,33955.044214304784,-3410.3352214490874,-3410.3352214490874,-3410.3352214490874,0.0,0.0,0.0,0.0,0.0,0.0,0.0,0.0,0.0,0.0,0.0,0.0,-3410.3352214490874,-3410.3352214490874,-3410.3352214490874,0.0,0.0,0.0,30544.708992855696
2021-11-09,34473.77026613736,12839.209475037254,51614.535650047765,34473.77026613736,34473.77026613736,-2228.5886988580005,-2228.5886988580005,-2228.5886988580005,0.0,0.0,0.0,0.0,0.0,0.0,0.0,0.0,0.0,0.0,0.0,0.0,-2228.5886988580005,-2228.5886988580005,-2228.5886988580005,0.0,0.0,0.0,32245.18156727936
2021-11-10,34965.908183107786,9542.682518627242,49160.28929942418,34965.908183107786,34965.908183107786,-6037.186559276675,-6037.186559276675,-6037.186559276675,0.0,0.0,0.0,0.0,0.0,0.0,0.0,0.0,0.0,0.0,0.0,0.0,-6037.186559276675,-6037.186559276675,-6037.186559276675,0.0,0.0,0.0,28928.72162383111
2021-11-11,35458.046100078216,9473.68239557241,46590.566830491596,35458.046100078216,35458.046100078216,-7534.806883052701,-7534.806883052701,-7534.806883052701,0.0,0.0,0.0,0.0,0.0,0.0,0.0,0.0,0.0,0.0,0.0,0.0,-7534.806883052701,-7534.806883052701,-7534.806883052701,0.0,0.0,0.0,27923.239217025515
2021-11-12,35950.18401704865,20255.50021243307,59036.464380597296,35950.18401704865,35950.18401704865,3669.0949206292235,3669.0949206292235,3669.0949206292235,0.0,0.0,0.0,0.0,0.0,0.0,0.0,0.0,0.0,0.0,0.0,0.0,3669.0949206292235,3669.0949206292235,3669.0949206292235,0.0,0.0,0.0,39619.27893767787
2021-11-13,36350.417314005856,28896.7851254996,68417.74899477417,36350.417314005856,36350.417314005856,12224.388328472736,12224.388328472736,12224.388328472736,0.0,0.0,0.0,0.0,0.0,0.0,0.0,0.0,0.0,0.0,0.0,0.0,12224.388328472736,12224.388328472736,12224.388328472736,0.0,0.0,0.0,48574.80564247859
2021-11-14,36750.65061096305,20806.609855938506,59505.24766157841,36750.65061096305,36750.65061096305,3317.4341135580985,3317.4341135580985,3317.4341135580985,0.0,0.0,0.0,0.0,0.0,0.0,0.0,0.0,0.0,0.0,0.0,0.0,3317.4341135580985,3317.4341135580985,3317.4341135580985,0.0,0.0,0.0,40068.08472452115
2021-11-15,37150.883907920266,13389.594301184763,53455.58058281041,37150.883907920266,37150.883907920266,-3410.335221445751,-3410.335221445751,-3410.335221445751,0.0,0.0,0.0,0.0,0.0,0.0,0.0,0.0,0.0,0.0,0.0,0.0,-3410.335221445751,-3410.335221445751,-3410.335221445751,0.0,0.0,0.0,33740.54868647452
2021-11-16,37551.11720487746,15125.95683512942,55496.89815314337,37551.11720487746,37551.11720487746,-2228.5886988572793,-2228.5886988572793,-2228.5886988572793,0.0,0.0,0.0,0.0,0.0,0.0,0.0,0.0,0.0,0.0,0.0,0.0,-2228.5886988572793,-2228.5886988572793,-2228.5886988572793,0.0,0.0,0.0,35322.52850602018
2021-11-17,37863.01055869202,10108.66214382027,51387.52346669726,37863.01055869202,37863.01055869202,-6037.186559283326,-6037.186559283326,-6037.186559283326,0.0,0.0,0.0,0.0,0.0,0.0,0.0,0.0,0.0,0.0,0.0,0.0,-6037.186559283326,-6037.186559283326,-6037.186559283326,0.0,0.0,0.0,31825.82399940869
2021-11-18,38174.903912506576,10848.639937014419,50277.54101364421,38174.903912506576,38174.903912506576,-7534.806883047488,-7534.806883047488,-7534.806883047488,0.0,0.0,0.0,0.0,0.0,0.0,0.0,0.0,0.0,0.0,0.0,0.0,-7534.806883047488,-7534.806883047488,-7534.806883047488,0.0,0.0,0.0,30640.097029459088
2021-11-19,38486.79726632113,23312.33528696002,62452.82977927109,38486.79726632113,38486.79726632113,3669.094920640024,3669.094920640024,3669.094920640024,0.0,0.0,0.0,0.0,0.0,0.0,0.0,0.0,0.0,0.0,0.0,0.0,3669.094920640024,3669.094920640024,3669.094920640024,0.0,0.0,0.0,42155.89218696116
2021-11-20,38798.69062013568,31476.379692731636,69710.60574867364,38798.69062013568,38798.69062013568,12224.388328471667,12224.388328471667,12224.388328471667,0.0,0.0,0.0,0.0,0.0,0.0,0.0,0.0,0.0,0.0,0.0,0.0,12224.388328471667,12224.388328471667,12224.388328471667,0.0,0.0,0.0,51023.07894860735
2021-11-21,38989.93382118831,23736.727055997664,62083.96080486599,38989.93382118831,38989.93382118831,3317.434113548455,3317.434113548455,3317.434113548455,0.0,0.0,0.0,0.0,0.0,0.0,0.0,0.0,0.0,0.0,0.0,0.0,3317.434113548455,3317.434113548455,3317.434113548455,0.0,0.0,0.0,42307.367934736765
2021-11-22,39181.17702224093,24567.157169264505,64319.174176356435,39181.17702224093,39181.17702224093,4598.582005722931,4598.582005722931,4598.582005722931,8008.917227168,8008.917227168,8008.917227168,0.0,0.0,0.0,8008.917227168,8008.917227168,8008.917227168,0.0,0.0,0.0,-3410.335221445068,-3410.335221445068,-3410.335221445068,0.0,0.0,0.0,43779.75902796386
2021-11-23,39372.42022329356,26022.91328190345,64268.74869879518,39372.42022329356,39372.42022329356,5780.328528311441,5780.328528311441,5780.328528311441,8008.917227168,8008.917227168,8008.917227168,0.0,0.0,0.0,8008.917227168,8008.917227168,8008.917227168,0.0,0.0,0.0,-2228.5886988565576,-2228.5886988565576,-2228.5886988565576,0.0,0.0,0.0,45152.748751604995
2021-11-24,39563.66342434618,22438.202566576976,62538.12480907532,39563.66342434618,39563.66342434618,1971.7306678815405,1971.7306678815405,1971.7306678815405,8008.917227168,8008.917227168,8008.917227168,0.0,0.0,0.0,8008.917227168,8008.917227168,8008.917227168,0.0,0.0,0.0,-6037.18655928646,-6037.18655928646,-6037.18655928646,0.0,0.0,0.0,41535.394092227725
2021-11-25,39657.63818938856,11450.019706414136,50654.314443471354,39657.63818938856,39657.63818938856,-7534.8068830444745,-7534.8068830444745,-7534.8068830444745,0.0,0.0,0.0,0.0,0.0,0.0,0.0,0.0,0.0,0.0,0.0,0.0,-7534.8068830444745,-7534.8068830444745,-7534.8068830444745,0.0,0.0,0.0,32122.831306344087
2021-11-26,39751.612954430944,23482.713430567437,64466.76325469579,39751.612954430944,39751.612954430944,3669.0949205920674,3669.0949205920674,3669.0949205920674,0.0,0.0,0.0,0.0,0.0,0.0,0.0,0.0,0.0,0.0,0.0,0.0,3669.0949205920674,3669.0949205920674,3669.0949205920674,0.0,0.0,0.0,43420.707875023014
2021-11-27,39845.58771947332,33044.395658102105,73269.75195249126,39845.58771947332,39845.58771947332,12224.388328470599,12224.388328470599,12224.388328470599,0.0,0.0,0.0,0.0,0.0,0.0,0.0,0.0,0.0,0.0,0.0,0.0,12224.388328470599,12224.388328470599,12224.388328470599,0.0,0.0,0.0,52069.976047943914
2021-11-28,39939.5624845157,23099.448948628098,64614.49877136719,39939.5624845157,39939.5624845157,3317.434113541776,3317.434113541776,3317.434113541776,0.0,0.0,0.0,0.0,0.0,0.0,0.0,0.0,0.0,0.0,0.0,0.0,3317.434113541776,3317.434113541776,3317.434113541776,0.0,0.0,0.0,43256.99659805748
2021-11-29,39966.03975598446,17980.03138098321,56136.22588481846,39966.03975598446,39966.03975598446,-3410.335221448328,-3410.335221448328,-3410.335221448328,0.0,0.0,0.0,0.0,0.0,0.0,0.0,0.0,0.0,0.0,0.0,0.0,-3410.335221448328,-3410.335221448328,-3410.335221448328,0.0,0.0,0.0,36555.704534536126
2021-11-30,39992.517027453214,19467.126281692657,56060.38391849934,39992.517027453214,39992.517027453214,-2228.588698857907,-2228.588698857907,-2228.588698857907,0.0,0.0,0.0,0.0,0.0,0.0,0.0,0.0,0.0,0.0,0.0,0.0,-2228.588698857907,-2228.588698857907,-2228.588698857907,0.0,0.0,0.0,37763.928328595306
2021-12-01,40018.99429892197,15287.571561574307,54799.970935272046,40018.99429892197,40018.99429892197,-6037.1865592683735,-6037.1865592683735,-6037.1865592683735,0.0,0.0,0.0,0.0,0.0,0.0,0.0,0.0,0.0,0.0,0.0,0.0,-6037.1865592683735,-6037.1865592683735,-6037.1865592683735,0.0,0.0,0.0,33981.807739653595
2021-12-02,40028.65460782016,13578.552873929235,52383.5944037375,40028.65460782016,40028.65460782016,-7534.806883041464,-7534.806883041464,-7534.806883041464,0.0,0.0,0.0,0.0,0.0,0.0,0.0,0.0,0.0,0.0,0.0,0.0,-7534.806883041464,-7534.806883041464,-7534.806883041464,0.0,0.0,0.0,32493.847724778694
2021-12-03,40038.31491671834,25713.478566134596,64193.93725141655,40038.31491671834,40038.31491671834,3669.0949206028677,3669.0949206028677,3669.0949206028677,0.0,0.0,0.0,0.0,0.0,0.0,0.0,0.0,0.0,0.0,0.0,0.0,3669.0949206028677,3669.0949206028677,3669.0949206028677,0.0,0.0,0.0,43707.409837321204
2021-12-04,40047.97522561653,32062.6235552736,71993.56963625035,40047.97522561653,40047.97522561653,12224.38832846953,12224.38832846953,12224.38832846953,0.0,0.0,0.0,0.0,0.0,0.0,0.0,0.0,0.0,0.0,0.0,0.0,12224.38832846953,12224.38832846953,12224.38832846953,0.0,0.0,0.0,52272.363554086056
2021-12-05,40057.63553451471,23221.972594883548,63601.952251786635,40057.63553451471,40057.63553451471,3317.434113532131,3317.434113532131,3317.434113532131,0.0,0.0,0.0,0.0,0.0,0.0,0.0,0.0,0.0,0.0,0.0,0.0,3317.434113532131,3317.434113532131,3317.434113532131,0.0,0.0,0.0,43375.06964804684
2021-12-06,40067.19893769445,18000.50432863773,56017.4256336838,40067.19893769445,40067.19893769445,-3410.335221447646,-3410.335221447646,-3410.335221447646,0.0,0.0,0.0,0.0,0.0,0.0,0.0,0.0,0.0,0.0,0.0,0.0,-3410.335221447646,-3410.335221447646,-3410.335221447646,0.0,0.0,0.0,36656.8637162468
2021-12-07,40076.762340874186,19632.077584183087,58544.82918789711,40076.762340874186,40076.762340874186,-2228.588698858564,-2228.588698858564,-2228.588698858564,0.0,0.0,0.0,0.0,0.0,0.0,0.0,0.0,0.0,0.0,0.0,0.0,-2228.588698858564,-2228.588698858564,-2228.588698858564,0.0,0.0,0.0,37848.17364201562
2021-12-08,40086.32574405391,14405.878939511013,53707.35460728588,40086.32574405391,40086.32574405391,-6037.186559271506,-6037.186559271506,-6037.186559271506,0.0,0.0,0.0,0.0,0.0,0.0,0.0,0.0,0.0,0.0,0.0,0.0,-6037.186559271506,-6037.186559271506,-6037.186559271506,0.0,0.0,0.0,34049.139184782405
2021-12-09,40095.889147233655,13942.266506447839,53247.55840021819,40095.889147233655,40095.889147233655,-7534.806883036251,-7534.806883036251,-7534.806883036251,0.0,0.0,0.0,0.0,0.0,0.0,0.0,0.0,0.0,0.0,0.0,0.0,-7534.806883036251,-7534.806883036251,-7534.806883036251,0.0,0.0,0.0,32561.082264197405
2021-12-10,40105.45254115163,23774.72220348534,63108.60044829582,40105.45254115163,40105.45254115163,3669.0949206132223,3669.0949206132223,3669.0949206132223,0.0,0.0,0.0,0.0,0.0,0.0,0.0,0.0,0.0,0.0,0.0,0.0,3669.0949206132223,3669.0949206132223,3669.0949206132223,0.0,0.0,0.0,43774.54746176485
2021-12-11,40115.0159350696,34295.46972316603,72272.72168954804,40115.0159350696,40115.0159350696,12224.388328473471,12224.388328473471,12224.388328473471,0.0,0.0,0.0,0.0,0.0,0.0,0.0,0.0,0.0,0.0,0.0,0.0,12224.388328473471,12224.388328473471,12224.388328473471,0.0,0.0,0.0,52339.40426354307
2021-12-12,40124.57932898758,23569.603779496207,64357.624253852526,40124.57932898758,40124.57932898758,3317.4341135707778,3317.4341135707778,3317.4341135707778,0.0,0.0,0.0,0.0,0.0,0.0,0.0,0.0,0.0,0.0,0.0,0.0,3317.4341135707778,3317.4341135707778,3317.4341135707778,0.0,0.0,0.0,43442.01344255836
2021-12-13,40134.142722905555,17823.81364952332,57570.153604856605,40134.142722905555,40134.142722905555,-3410.3352214469624,-3410.3352214469624,-3410.3352214469624,0.0,0.0,0.0,0.0,0.0,0.0,0.0,0.0,0.0,0.0,0.0,0.0,-3410.3352214469624,-3410.3352214469624,-3410.3352214469624,0.0,0.0,0.0,36723.80750145859
2021-12-14,40143.70611262747,18080.20042183643,59055.11486452051,40143.70611262747,40143.70611262747,-2228.588698859913,-2228.588698859913,-2228.588698859913,0.0,0.0,0.0,0.0,0.0,0.0,0.0,0.0,0.0,0.0,0.0,0.0,-2228.588698859913,-2228.588698859913,-2228.588698859913,0.0,0.0,0.0,37915.117413767555
2021-12-15,40153.269502349394,14985.741003869769,53609.97274684641,40153.269502349394,40153.269502349394,-6037.186559276399,-6037.186559276399,-6037.186559276399,0.0,0.0,0.0,0.0,0.0,0.0,0.0,0.0,0.0,0.0,0.0,0.0,-6037.186559276399,-6037.186559276399,-6037.186559276399,0.0,0.0,0.0,34116.082943072994
2021-12-16,40162.83289207131,12290.360310407483,52231.60839256544,40162.83289207131,40162.83289207131,-7534.80688303324,-7534.80688303324,-7534.80688303324,0.0,0.0,0.0,0.0,0.0,0.0,0.0,0.0,0.0,0.0,0.0,0.0,-7534.80688303324,-7534.80688303324,-7534.80688303324,0.0,0.0,0.0,32628.02600903807
2021-12-17,40172.396281793226,23676.24368243379,63806.7355400079,40172.396281793226,40172.396281793226,3669.0949206240225,3669.0949206240225,3669.0949206240225,0.0,0.0,0.0,0.0,0.0,0.0,0.0,0.0,0.0,0.0,0.0,0.0,3669.0949206240225,3669.0949206240225,3669.0949206240225,0.0,0.0,0.0,43841.49120241725
2021-12-18,40181.95967237335,32599.1843246682,71595.68448867863,40181.95967237335,40181.95967237335,12224.388328472402,12224.388328472402,12224.388328472402,0.0,0.0,0.0,0.0,0.0,0.0,0.0,0.0,0.0,0.0,0.0,0.0,12224.388328472402,12224.388328472402,12224.388328472402,0.0,0.0,0.0,52406.34800084575
2021-12-19,40191.52306295346,23614.83536021078,63635.70202515736,40191.52306295346,40191.52306295346,3317.434113561135,3317.434113561135,3317.434113561135,0.0,0.0,0.0,0.0,0.0,0.0,0.0,0.0,0.0,0.0,0.0,0.0,3317.434113561135,3317.434113561135,3317.434113561135,0.0,0.0,0.0,43508.957176514596
2021-12-20,40201.086453533586,16844.68423098523,54820.16095355514,40201.086453533586,40201.086453533586,-3410.3352214502224,-3410.3352214502224,-3410.3352214502224,0.0,0.0,0.0,0.0,0.0,0.0,0.0,0.0,0.0,0.0,0.0,0.0,-3410.3352214502224,-3410.3352214502224,-3410.3352214502224,0.0,0.0,0.0,36790.75123208336
2021-12-21,40210.64984386085,17734.48307488376,58473.48291636639,40210.64984386085,40210.64984386085,-2228.5886988571206,-2228.5886988571206,-2228.5886988571206,0.0,0.0,0.0,0.0,0.0,0.0,0.0,0.0,0.0,0.0,0.0,0.0,-2228.5886988571206,-2228.5886988571206,-2228.5886988571206,0.0,0.0,0.0,37982.061145003725
2021-12-22,40220.2132341881,21267.999222826864,59592.185743702765,40220.2132341881,40220.2132341881,-307.6823610062898,-307.6823610062898,-307.6823610062898,5729.504198275,5729.504198275,5729.504198275,5729.504198275,5729.504198275,5729.504198275,0.0,0.0,0.0,0.0,0.0,0.0,-6037.18655928129,-6037.18655928129,-6037.18655928129,0.0,0.0,0.0,39912.53087318181
2021-12-23,40229.77662451536,12892.706246472044,52196.057263351504,40229.77662451536,40229.77662451536,-7534.806883050396,-7534.806883050396,-7534.806883050396,0.0,0.0,0.0,0.0,0.0,0.0,0.0,0.0,0.0,0.0,0.0,0.0,-7534.806883050396,-7534.806883050396,-7534.806883050396,0.0,0.0,0.0,32694.969741464964
2021-12-24,40239.34001484261,25387.087799709625,63292.03532294669,40239.34001484261,40239.34001484261,3669.094920634823,3669.094920634823,3669.094920634823,0.0,0.0,0.0,0.0,0.0,0.0,0.0,0.0,0.0,0.0,0.0,0.0,3669.094920634823,3669.094920634823,3669.094920634823,0.0,0.0,0.0,43908.43493547743
2021-12-25,40248.90339636283,33508.04902094131,73203.65954653303,40248.90339636283,40248.90339636283,12224.388328472032,12224.388328472032,12224.388328472032,0.0,0.0,0.0,0.0,0.0,0.0,0.0,0.0,0.0,0.0,0.0,0.0,12224.388328472032,12224.388328472032,12224.388328472032,0.0,0.0,0.0,52473.29172483487
2021-12-26,40258.466777883055,24478.043952493153,63220.30591421201,40258.466777883055,40258.466777883055,3317.4341135529726,3317.4341135529726,3317.4341135529726,0.0,0.0,0.0,0.0,0.0,0.0,0.0,0.0,0.0,0.0,0.0,0.0,3317.4341135529726,3317.4341135529726,3317.4341135529726,0.0,0.0,0.0,43575.90089143603
2021-12-27,40268.03015940328,17059.880405808166,56792.303879526415,40268.03015940328,40268.03015940328,-3410.3352214495394,-3410.3352214495394,-3410.3352214495394,0.0,0.0,0.0,0.0,0.0,0.0,0.0,0.0,0.0,0.0,0.0,0.0,-3410.3352214495394,-3410.3352214495394,-3410.3352214495394,0.0,0.0,0.0,36857.69493795374
2021-12-28,40277.5935409235,18815.522246666354,58351.59129558871,40277.5935409235,40277.5935409235,-2228.588698857778,-2228.588698857778,-2228.588698857778,0.0,0.0,0.0,0.0,0.0,0.0,0.0,0.0,0.0,0.0,0.0,0.0,-2228.588698857778,-2228.588698857778,-2228.588698857778,0.0,0.0,0.0,38049.004842065726
2021-12-29,40287.1569269668,14243.856221030086,54103.33791022851,40287.1569269668,40287.1569269668,-6037.186559286183,-6037.186559286183,-6037.186559286183,0.0,0.0,0.0,0.0,0.0,0.0,0.0,0.0,0.0,0.0,0.0,0.0,-6037.186559286183,-6037.186559286183,-6037.186559286183,0.0,0.0,0.0,34249.970367680624
2021-12-30,40296.72031301011,13943.247142824599,53229.04336021313,40296.72031301011,40296.72031301011,-7534.806883047384,-7534.806883047384,-7534.806883047384,0.0,0.0,0.0,0.0,0.0,0.0,0.0,0.0,0.0,0.0,0.0,0.0,-7534.806883047384,-7534.806883047384,-7534.806883047384,0.0,0.0,0.0,32761.913429962726
2021-12-31,40306.28369905341,23832.42826937743,63430.963608200196,40306.28369905341,40306.28369905341,3669.094920645178,3669.094920645178,3669.094920645178,0.0,0.0,0.0,0.0,0.0,0.0,0.0,0.0,0.0,0.0,0.0,0.0,3669.094920645178,3669.094920645178,3669.094920645178,0.0,0.0,0.0,43975.37861969859
2022-01-01,40315.847085096706,31889.7483389232,72613.17560371023,40315.847085096706,40315.847085096706,12224.388328470264,12224.388328470264,12224.388328470264,0.0,0.0,0.0,0.0,0.0,0.0,0.0,0.0,0.0,0.0,0.0,0.0,12224.388328470264,12224.388328470264,12224.388328470264,0.0,0.0,0.0,52540.235413566974
2022-01-02,40325.41047114001,24263.387132836902,63569.96008576453,40325.41047114001,40325.41047114001,3317.434113544811,3317.434113544811,3317.434113544811,0.0,0.0,0.0,0.0,0.0,0.0,0.0,0.0,0.0,0.0,0.0,0.0,3317.434113544811,3317.434113544811,3317.434113544811,0.0,0.0,0.0,43642.84458468482
2022-01-03,40334.97385718331,18096.628964322535,56705.05232874269,40334.97385718331,40334.97385718331,-3410.3352214462034,-3410.3352214462034,-3410.3352214462034,0.0,0.0,0.0,0.0,0.0,0.0,0.0,0.0,0.0,0.0,0.0,0.0,-3410.3352214462034,-3410.3352214462034,-3410.3352214462034,0.0,0.0,0.0,36924.6386357371
2022-01-04,40344.53724322661,17715.58886476796,58123.58920822732,40344.53724322661,40344.53724322661,-2228.588698857057,-2228.588698857057,-2228.588698857057,0.0,0.0,0.0,0.0,0.0,0.0,0.0,0.0,0.0,0.0,0.0,0.0,-2228.588698857057,-2228.588698857057,-2228.588698857057,0.0,0.0,0.0,38115.94854436955
2022-01-05,40354.10062926991,14838.611401769132,53557.769838219865,40354.10062926991,40354.10062926991,-6037.186559289315,-6037.186559289315,-6037.186559289315,0.0,0.0,0.0,0.0,0.0,0.0,0.0,0.0,0.0,0.0,0.0,0.0,-6037.186559289315,-6037.186559289315,-6037.186559289315,0.0,0.0,0.0,34316.914069980594
2022-01-06,40363.66401531321,14318.308293421209,53282.811157034885,40363.66401531321,40363.66401531321,-7534.80688304327,-7534.80688304327,-7534.80688304327,0.0,0.0,0.0,0.0,0.0,0.0,0.0,0.0,0.0,0.0,0.0,0.0,-7534.80688304327,-7534.80688304327,-7534.80688304327,0.0,0.0,0.0,32828.85713226994
2022-01-07,40373.227401356504,23970.160710201588,63328.18941261844,40373.227401356504,40373.227401356504,3669.0949206559776,3669.0949206559776,3669.0949206559776,0.0,0.0,0.0,0.0,0.0,0.0,0.0,0.0,0.0,0.0,0.0,0.0,3669.0949206559776,3669.0949206559776,3669.0949206559776,0.0,0.0,0.0,44042.32232201248
2022-01-08,40382.790787399805,33544.27064674952,71982.51999949508,40382.790787399805,40382.790787399805,12224.388328474904,12224.388328474904,12224.388328474904,0.0,0.0,0.0,0.0,0.0,0.0,0.0,0.0,0.0,0.0,0.0,0.0,12224.388328474904,12224.388328474904,12224.388328474904,0.0,0.0,0.0,52607.17911587471
2022-01-09,40392.354173443106,24689.585069219916,63575.21588628218,40392.354173443106,40392.354173443106,3317.434113536649,3317.434113536649,3317.434113536649,0.0,0.0,0.0,0.0,0.0,0.0,0.0,0.0,0.0,0.0,0.0,0.0,3317.434113536649,3317.434113536649,3317.434113536649,0.0,0.0,0.0,43709.788286979754
2022-01-10,40401.91755948641,17280.966992248912,56291.39928245963,40401.91755948641,40401.91755948641,-3410.3352214455203,-3410.3352214455203,-3410.3352214455203,0.0,0.0,0.0,0.0,0.0,0.0,0.0,0.0,0.0,0.0,0.0,0.0,-3410.3352214455203,-3410.3352214455203,-3410.3352214455203,0.0,0.0,0.0,36991.582338040884
2022-01-11,40411.48094552971,18094.867088633557,58380.25324624264,40411.48094552971,40411.48094552971,-2228.5886988584048,-2228.5886988584048,-2228.5886988584048,0.0,0.0,0.0,0.0,0.0,0.0,0.0,0.0,0.0,0.0,0.0,0.0,-2228.5886988584048,-2228.5886988584048,-2228.5886988584048,0.0,0.0,0.0,38182.892246671305
2022-01-12,40421.04433157301,15725.871402093633,54512.888862019034,40421.04433157301,40421.04433157301,-6037.186559295967,-6037.186559295967,-6037.186559295967,0.0,0.0,0.0,0.0,0.0,0.0,0.0,0.0,0.0,0.0,0.0,0.0,-6037.186559295967,-6037.186559295967,-6037.186559295967,0.0,0.0,0.0,34383.85777227704
2022-01-13,40430.60771761631,13845.841714149225,53150.543619099306,40430.60771761631,40430.60771761631,-7534.80688303916,-7534.80688303916,-7534.80688303916,0.0,0.0,0.0,0.0,0.0,0.0,0.0,0.0,0.0,0.0,0.0,0.0,-7534.80688303916,-7534.80688303916,-7534.80688303916,0.0,0.0,0.0,32895.80083457715
2022-01-14,40440.17110365961,24713.071985488685,64006.13056793851,40440.17110365961,40440.17110365961,3669.0949206077985,3669.0949206077985,3669.0949206077985,0.0,0.0,0.0,0.0,0.0,0.0,0.0,0.0,0.0,0.0,0.0,0.0,3669.0949206077985,3669.0949206077985,3669.0949206077985,0.0,0.0,0.0,44109.26602426741
2022-01-15,40449.73448970291,33958.288387287015,72475.14463337552,40449.73448970291,40449.73448970291,12224.388328473835,12224.388328473835,12224.388328473835,0.0,0.0,0.0,0.0,0.0,0.0,0.0,0.0,0.0,0.0,0.0,0.0,12224.388328473835,12224.388328473835,12224.388328473835,0.0,0.0,0.0,52674.122818176744
2022-01-16,40459.29787574621,24411.81320689623,64730.50790763943,40459.29787574621,40459.29787574621,3317.434113527005,3317.434113527005,3317.434113527005,0.0,0.0,0.0,0.0,0.0,0.0,0.0,0.0,0.0,0.0,0.0,0.0,3317.434113527005,3317.434113527005,3317.434113527005,0.0,0.0,0.0,43776.73198927322
2022-01-17,40468.86126178951,17827.696909169474,57168.5942907525,40468.86126178951,40468.86126178951,-3410.335221446809,-3410.335221446809,-3410.335221446809,0.0,0.0,0.0,0.0,0.0,0.0,0.0,0.0,0.0,0.0,0.0,0.0,-3410.335221446809,-3410.335221446809,-3410.335221446809,0.0,0.0,0.0,37058.5260403427
2022-01-18,40478.42464783281,19045.79798850854,57954.92668312879,40478.42464783281,40478.42464783281,-2228.588698859753,-2228.588698859753,-2228.588698859753,0.0,0.0,0.0,0.0,0.0,0.0,0.0,0.0,0.0,0.0,0.0,0.0,-2228.588698859753,-2228.588698859753,-2228.588698859753,0.0,0.0,0.0,38249.83594897306
2022-01-19,40487.98803387611,14939.365576452017,54551.408881643816,40487.98803387611,40487.98803387611,-6037.1865592743625,-6037.1865592743625,-6037.1865592743625,0.0,0.0,0.0,0.0,0.0,0.0,0.0,0.0,0.0,0.0,0.0,0.0,-6037.1865592743625,-6037.1865592743625,-6037.1865592743625,0.0,0.0,0.0,34450.80147460174
2022-01-20,40497.55141991941,13641.204706730936,51624.71233586033,40497.55141991941,40497.55141991941,-7534.806883035047,-7534.806883035047,-7534.806883035047,0.0,0.0,0.0,0.0,0.0,0.0,0.0,0.0,0.0,0.0,0.0,0.0,-7534.806883035047,-7534.806883035047,-7534.806883035047,0.0,0.0,0.0,32962.74453688436
2022-01-21,40507.11480596271,23787.35846653584,63437.552567407365,40507.11480596271,40507.11480596271,3669.0949206185987,3669.0949206185987,3669.0949206185987,0.0,0.0,0.0,0.0,0.0,0.0,0.0,0.0,0.0,0.0,0.0,0.0,3669.0949206185987,3669.0949206185987,3669.0949206185987,0.0,0.0,0.0,44176.209726581306
2022-01-22,40516.67819200601,33563.912410637655,73410.91038425837,40515.473154655956,40517.56807899273,12224.388328473464,12224.388328473464,12224.388328473464,0.0,0.0,0.0,0.0,0.0,0.0,0.0,0.0,0.0,0.0,0.0,0.0,12224.388328473464,12224.388328473464,12224.388328473464,0.0,0.0,0.0,52741.06652047947
2022-01-23,40526.24157804931,23394.104114584123,63387.333237077306,40516.50837559587,40538.42127701907,3317.4341135203244,3317.4341135203244,3317.4341135203244,0.0,0.0,0.0,0.0,0.0,0.0,0.0,0.0,0.0,0.0,0.0,0.0,3317.4341135203244,3317.4341135203244,3317.4341135203244,0.0,0.0,0.0,43843.67569156963
2022-01-24,40535.80496409261,17170.7117389253,56280.70546133641,40509.44163111262,40566.853525343366,-3410.3352214454435,-3410.3352214454435,-3410.3352214454435,0.0,0.0,0.0,0.0,0.0,0.0,0.0,0.0,0.0,0.0,0.0,0.0,-3410.3352214454435,-3410.3352214454435,-3410.3352214454435,0.0,0.0,0.0,37125.46974264717
2022-01-25,40545.36835013591,20439.135435992437,58048.483294255406,40494.39387423198,40600.83987784214,-2228.588698856962,-2228.588698856962,-2228.588698856962,0.0,0.0,0.0,0.0,0.0,0.0,0.0,0.0,0.0,0.0,0.0,0.0,-2228.588698856962,-2228.588698856962,-2228.588698856962,0.0,0.0,0.0,38316.77965127895
2022-01-26,40554.931736179205,16420.52987829256,54874.70207324262,40475.03023080889,40634.33609836814,-6037.186559279255,-6037.186559279255,-6037.186559279255,0.0,0.0,0.0,0.0,0.0,0.0,0.0,0.0,0.0,0.0,0.0,0.0,-6037.186559279255,-6037.186559279255,-6037.186559279255,0.0,0.0,0.0,34517.74517689995
2022-01-27,40564.495122222506,13244.325440900686,51851.9394979735,40450.9993009448,40675.27383648672,-7534.806883032035,-7534.806883032035,-7534.806883032035,0.0,0.0,0.0,0.0,0.0,0.0,0.0,0.0,0.0,0.0,0.0,0.0,-7534.806883032035,-7534.806883032035,-7534.806883032035,0.0,0.0,0.0,33029.68823919047
2022-01-28,40574.05850826581,24886.506781559427,65484.191613692565,40422.97123963642,40720.95614334204,3669.094920629176,3669.094920629176,3669.094920629176,0.0,0.0,0.0,0.0,0.0,0.0,0.0,0.0,0.0,0.0,0.0,0.0,3669.094920629176,3669.094920629176,3669.094920629176,0.0,0.0,0.0,44243.153428894984
2022-01-29,40583.621894309115,33175.80590848602,72489.73226248896,40399.52234706451,40762.66824965402,12224.388328473095,12224.388328473095,12224.388328473095,0.0,0.0,0.0,0.0,0.0,0.0,0.0,0.0,0.0,0.0,0.0,0.0,12224.388328473095,12224.388328473095,12224.388328473095,0.0,0.0,0.0,52808.010222782206
2022-01-30,40593.185280352416,24030.155402884568,64661.863908597545,40371.19288480641,40813.87355007577,3317.43411355749,3317.43411355749,3317.43411355749,0.0,0.0,0.0,0.0,0.0,0.0,0.0,0.0,0.0,0.0,0.0,0.0,3317.43411355749,3317.43411355749,3317.43411355749,0.0,0.0,0.0,43910.6193939099
2022-01-31,40602.74866639571,17139.353357380194,56301.186229582476,40348.7176031791,40868.88429001215,-3410.3352214467322,-3410.3352214467322,-3410.3352214467322,0.0,0.0,0.0,0.0,0.0,0.0,0.0,0.0,0.0,0.0,0.0,0.0,-3410.3352214467322,-3410.3352214467322,-3410.3352214467322,0.0,0.0,0.0,37192.41344494898
2022-02-01,40612.31205243901,18936.58799831728,57504.776774194695,40320.326031699675,40924.399680210074,-2228.5886988583106,-2228.5886988583106,-2228.5886988583106,0.0,0.0,0.0,0.0,0.0,0.0,0.0,0.0,0.0,0.0,0.0,0.0,-2228.5886988583106,-2228.5886988583106,-2228.5886988583106,0.0,0.0,0.0,38383.7233535807
2022-02-02,40621.87543848231,15518.66169103002,54447.831467407916,40287.49902974223,40974.6131669801,-6037.186559282387,-6037.186559282387,-6037.186559282387,0.0,0.0,0.0,0.0,0.0,0.0,0.0,0.0,0.0,0.0,0.0,0.0,-6037.186559282387,-6037.186559282387,-6037.186559282387,0.0,0.0,0.0,34584.68887919992
2022-02-03,40631.43882452561,14640.257958945893,52201.87320465834,40238.497597648384,41042.313174227354,-7534.806883026823,-7534.806883026823,-7534.806883026823,0.0,0.0,0.0,0.0,0.0,0.0,0.0,0.0,0.0,0.0,0.0,0.0,-7534.806883026823,-7534.806883026823,-7534.806883026823,0.0,0.0,0.0,33096.63194149879
2022-02-04,40641.00221056891,23803.17735553728,62366.55131534672,40205.45578882906,41119.12432342871,3669.0949205812203,3669.0949205812203,3669.0949205812203,0.0,0.0,0.0,0.0,0.0,0.0,0.0,0.0,0.0,0.0,0.0,0.0,3669.0949205812203,3669.0949205812203,3669.0949205812203,0.0,0.0,0.0,44310.097131150134
2022-02-05,40650.565596612214,33501.50265291122,71772.9158904366,40155.972048864875,41181.27317648208,12224.388328471328,12224.388328471328,12224.388328471328,0.0,0.0,0.0,0.0,0.0,0.0,0.0,0.0,0.0,0.0,0.0,0.0,12224.388328471328,12224.388328471328,12224.388328471328,0.0,0.0,0.0,52874.953925083544
2022-02-06,40660.128982655515,24191.806056708814,63473.41426564391,40122.54751748083,41257.43809545445,3317.434113549328,3317.434113549328,3317.434113549328,0.0,0.0,0.0,0.0,0.0,0.0,0.0,0.0,0.0,0.0,0.0,0.0,3317.434113549328,3317.434113549328,3317.434113549328,0.0,0.0,0.0,43977.563096204845
2022-02-07,40669.69236869881,17181.257157553824,56517.19690473732,40089.460969095,41332.26250926454,-3410.3352214460488,-3410.3352214460488,-3410.3352214460488,0.0,0.0,0.0,0.0,0.0,0.0,0.0,0.0,0.0,0.0,0.0,0.0,-3410.3352214460488,-3410.3352214460488,-3410.3352214460488,0.0,0.0,0.0,37259.35714725276
2022-02-08,40679.25575474211,17829.273119295583,57809.30338753859,40031.07584250869,41414.60162820261,-2228.5886988575885,-2228.5886988575885,-2228.5886988575885,0.0,0.0,0.0,0.0,0.0,0.0,0.0,0.0,0.0,0.0,0.0,0.0,-2228.5886988575885,-2228.5886988575885,-2228.5886988575885,0.0,0.0,0.0,38450.66705588452
2022-02-09,40688.81914078541,14594.367231813547,53545.157867596674,39965.95151946839,41488.15159060909,-6037.186559285518,-6037.186559285518,-6037.186559285518,0.0,0.0,0.0,0.0,0.0,0.0,0.0,0.0,0.0,0.0,0.0,0.0,-6037.186559285518,-6037.186559285518,-6037.186559285518,0.0,0.0,0.0,34651.63258149989
2022-02-10,40698.38252682871,13121.582858160244,52177.11619573711,39916.93846989411,41560.40034488029,-7534.806883045078,-7534.806883045078,-7534.806883045078,0.0,0.0,0.0,0.0,0.0,0.0,0.0,0.0,0.0,0.0,0.0,0.0,-7534.806883045078,-7534.806883045078,-7534.806883045078,0.0,0.0,0.0,33163.57564378363
2022-02-11,40707.94591287201,26356.360325190195,64909.07267392709,39864.6494625293,41614.94942908738,3669.0949205917973,3669.0949205917973,3669.0949205917973,0.0,0.0,0.0,0.0,0.0,0.0,0.0,0.0,0.0,0.0,0.0,0.0,3669.0949205917973,3669.0949205917973,3669.0949205917973,0.0,0.0,0.0,44377.04083346381
2022-02-12,40717.50929891531,33758.45296046161,73267.16667764547,39797.569885413395,41678.82828493394,12224.388328470957,12224.388328470957,12224.388328470957,0.0,0.0,0.0,0.0,0.0,0.0,0.0,0.0,0.0,0.0,0.0,0.0,12224.388328470957,12224.388328470957,12224.388328470957,0.0,0.0,0.0,52941.89762738627
2022-02-13,40727.07268495861,23825.498363976636,64595.58084299778,39745.06570192578,41745.16269904122,3317.4341135396853,3317.4341135396853,3317.4341135396853,0.0,0.0,0.0,0.0,0.0,0.0,0.0,0.0,0.0,0.0,0.0,0.0,3317.4341135396853,3317.4341135396853,3317.4341135396853,0.0,0.0,0.0,44044.506798498296
2022-02-14,40736.636071001914,17144.75091121159,57960.940070927245,39657.27685789931,41835.035239605466,-3410.335221447338,-3410.335221447338,-3410.335221447338,0.0,0.0,0.0,0.0,0.0,0.0,0.0,0.0,0.0,0.0,0.0,0.0,-3410.335221447338,-3410.335221447338,-3410.335221447338,0.0,0.0,0.0,37326.30084955458
2022-02-15,40746.199457045215,18721.709536402133,58698.29799035931,39601.423696688944,41917.527970165414,-2228.5886988582456,-2228.5886988582456,-2228.5886988582456,0.0,0.0,0.0,0.0,0.0,0.0,0.0,0.0,0.0,0.0,0.0,0.0,-2228.5886988582456,-2228.5886988582456,-2228.5886988582456,0.0,0.0,0.0,38517.61075818697
2022-02-16,40755.762843088516,15254.16812535206,54756.236468693816,39539.895182664324,41996.19052221446,-6037.18655929217,-6037.18655929217,-6037.18655929217,0.0,0.0,0.0,0.0,0.0,0.0,0.0,0.0,0.0,0.0,0.0,0.0,-6037.18655929217,-6037.18655929217,-6037.18655929217,0.0,0.0,0.0,34718.57628379635
2022-02-17,40765.32622913182,14345.930701681387,52716.621021430015,39479.227334117844,42085.06948662802,-7534.806883039867,-7534.806883039867,-7534.806883039867,0.0,0.0,0.0,0.0,0.0,0.0,0.0,0.0,0.0,0.0,0.0,0.0,-7534.806883039867,-7534.806883039867,-7534.806883039867,0.0,0.0,0.0,33230.51934609195
2022-02-18,40774.88961517512,25110.634630670997,63904.95767599807,39410.77985717136,42179.21136880485,3669.094920602598,3669.094920602598,3669.094920602598,0.0,0.0,0.0,0.0,0.0,0.0,0.0,0.0,0.0,0.0,0.0,0.0,3669.094920602598,3669.094920602598,3669.094920602598,0.0,0.0,0.0,44443.984535777716
2022-02-19,40784.45300121841,34061.90555013761,73834.62673823621,39328.40759992295,42258.212233916645,12224.388328469888,12224.388328469888,12224.388328469888,0.0,0.0,0.0,0.0,0.0,0.0,0.0,0.0,0.0,0.0,0.0,0.0,12224.388328469888,12224.388328469888,12224.388328469888,0.0,0.0,0.0,53008.8413296883
2022-02-20,40794.01638726171,22631.679036284313,63619.168126849414,39261.15351971601,42361.45420529587,3317.434113530042,3317.434113530042,3317.434113530042,0.0,0.0,0.0,0.0,0.0,0.0,0.0,0.0,0.0,0.0,0.0,0.0,3317.434113530042,3317.434113530042,3317.434113530042,0.0,0.0,0.0,44111.450500791754
